drug,lineage,n_M,n_F,skip_reason,n_A,n_B,n_C,n_D,passes_5M5F,analysed,n_hits
ABT-737,autonomic_ganglia,0,1,few_M_or_F,0,0,0,44,False,False,0
ABT-737,bone,1,3,few_M_or_F,0,0,0,44,False,False,0
ABT-737,breast,0,10,few_M_or_F,0,0,0,44,False,False,0
ABT-737,central_nervous_system,3,0,few_M_or_F,0,0,0,44,False,False,0
ABT-737,cervix,0,1,few_M_or_F,0,0,0,44,False,False,0
ABT-737,endometrium,0,7,few_M_or_F,0,0,0,44,False,False,0
ABT-737,haematopoietic_and_lymphoid_tissue,6,1,few_M_or_F,0,0,0,44,False,False,0
ABT-737,kidney,1,1,few_M_or_F,0,0,0,44,False,False,0
ABT-737,large_intestine,8,5,gsea_empty,0,0,0,44,True,False,0
ABT-737,liver,3,0,few_M_or_F,0,0,0,44,False,False,0
ABT-737,lung,13,9,gsea_empty,0,0,0,44,True,False,0
ABT-737,ovary,0,13,few_M_or_F,0,0,0,44,False,False,0
ABT-737,pancreas,1,0,few_M_or_F,0,0,0,44,False,False,0
ABT-737,prostate,4,0,few_M_or_F,0,0,0,44,False,False,0
ABT-737,skin,3,4,few_M_or_F,0,0,0,44,False,False,0
ABT-737,soft_tissue,1,1,few_M_or_F,0,0,0,44,False,False,0
ABT-737,stomach,1,2,few_M_or_F,0,0,0,44,False,False,0
ABT-737,upper_aerodigestive_tract,1,0,few_M_or_F,0,0,0,44,False,False,0
ABT-737,urinary_tract,0,2,few_M_or_F,0,0,0,44,False,False,0
ABT-751,bone,1,3,few_M_or_F,0,0,0,44,False,False,0
ABT-751,breast,0,6,few_M_or_F,0,0,0,44,False,False,0
ABT-751,central_nervous_system,3,0,few_M_or_F,0,0,0,44,False,False,0
ABT-751,endometrium,0,7,few_M_or_F,0,0,0,44,False,False,0
ABT-751,haematopoietic_and_lymphoid_tissue,5,1,few_M_or_F,0,0,0,44,False,False,0
ABT-751,kidney,1,0,few_M_or_F,0,0,0,44,False,False,0
ABT-751,large_intestine,8,5,gsea_empty,0,0,0,44,True,False,0
ABT-751,liver,3,0,few_M_or_F,0,0,0,44,False,False,0
ABT-751,lung,13,6,gsea_empty,0,0,0,44,True,False,0
ABT-751,ovary,0,13,few_M_or_F,0,0,0,44,False,False,0
ABT-751,pancreas,1,0,few_M_or_F,0,0,0,44,False,False,0
ABT-751,prostate,4,0,few_M_or_F,0,0,0,44,False,False,0
ABT-751,skin,3,4,few_M_or_F,0,0,0,44,False,False,0
ABT-751,soft_tissue,1,1,few_M_or_F,0,0,0,44,False,False,0
ABT-751,stomach,1,2,few_M_or_F,0,0,0,44,False,False,0
ABT-751,upper_aerodigestive_tract,1,0,few_M_or_F,0,0,0,44,False,False,0
ABT-751,urinary_tract,0,2,few_M_or_F,0,0,0,44,False,False,0
AG-14361,bone,1,3,few_M_or_F,0,0,0,44,False,False,0
AG-14361,breast,0,5,few_M_or_F,0,0,0,44,False,False,0
AG-14361,central_nervous_system,3,0,few_M_or_F,0,0,0,44,False,False,0
AG-14361,endometrium,0,7,few_M_or_F,0,0,0,44,False,False,0
AG-14361,haematopoietic_and_lymphoid_tissue,5,1,few_M_or_F,0,0,0,44,False,False,0
AG-14361,kidney,1,0,few_M_or_F,0,0,0,44,False,False,0
AG-14361,large_intestine,8,5,gsea_empty,0,0,0,44,True,False,0
AG-14361,liver,3,0,few_M_or_F,0,0,0,44,False,False,0
AG-14361,lung,13,6,gsea_empty,0,0,0,44,True,False,0
AG-14361,ovary,0,13,few_M_or_F,0,0,0,44,False,False,0
AG-14361,pancreas,1,0,few_M_or_F,0,0,0,44,False,False,0
AG-14361,prostate,4,0,few_M_or_F,0,0,0,44,False,False,0
AG-14361,skin,3,4,few_M_or_F,0,0,0,44,False,False,0
AG-14361,soft_tissue,1,1,few_M_or_F,0,0,0,44,False,False,0
AG-14361,stomach,1,2,few_M_or_F,0,0,0,44,False,False,0
AG-14361,upper_aerodigestive_tract,1,0,few_M_or_F,0,0,0,44,False,False,0
AG-14361,urinary_tract,0,2,few_M_or_F,0,0,0,44,False,False,0
AM-580,bone,1,3,few_M_or_F,0,0,0,44,False,False,0
AM-580,breast,0,5,few_M_or_F,0,0,0,44,False,False,0
AM-580,central_nervous_system,3,0,few_M_or_F,0,0,0,44,False,False,0
AM-580,endometrium,0,7,few_M_or_F,0,0,0,44,False,False,0
AM-580,haematopoietic_and_lymphoid_tissue,5,1,few_M_or_F,0,0,0,44,False,False,0
AM-580,kidney,1,0,few_M_or_F,0,0,0,44,False,False,0
AM-580,large_intestine,8,5,gsea_empty,0,0,0,44,True,False,0
AM-580,liver,3,0,few_M_or_F,0,0,0,44,False,False,0
AM-580,lung,14,9,gsea_empty,0,0,0,44,True,False,0
AM-580,ovary,0,11,few_M_or_F,0,0,0,44,False,False,0
AM-580,pancreas,1,0,few_M_or_F,0,0,0,44,False,False,0
AM-580,prostate,4,0,few_M_or_F,0,0,0,44,False,False,0
AM-580,skin,3,4,few_M_or_F,0,0,0,44,False,False,0
AM-580,soft_tissue,1,1,few_M_or_F,0,0,0,44,False,False,0
AM-580,stomach,1,2,few_M_or_F,0,0,0,44,False,False,0
AM-580,upper_aerodigestive_tract,1,0,few_M_or_F,0,0,0,44,False,False,0
AM-580,urinary_tract,0,2,few_M_or_F,0,0,0,44,False,False,0
AS-605240,bone,1,3,few_M_or_F,0,0,0,44,False,False,0
AS-605240,breast,0,10,few_M_or_F,0,0,0,44,False,False,0
AS-605240,central_nervous_system,3,0,few_M_or_F,0,0,0,44,False,False,0
AS-605240,cervix,0,1,few_M_or_F,0,0,0,44,False,False,0
AS-605240,endometrium,0,7,few_M_or_F,0,0,0,44,False,False,0
AS-605240,haematopoietic_and_lymphoid_tissue,6,1,few_M_or_F,0,0,0,44,False,False,0
AS-605240,kidney,1,1,few_M_or_F,0,0,0,44,False,False,0
AS-605240,large_intestine,8,5,gsea_empty,0,0,0,44,True,False,0
AS-605240,liver,3,0,few_M_or_F,0,0,0,44,False,False,0
AS-605240,lung,13,6,gsea_empty,0,0,0,44,True,False,0
AS-605240,ovary,0,13,few_M_or_F,0,0,0,44,False,False,0
AS-605240,pancreas,1,0,few_M_or_F,0,0,0,44,False,False,0
AS-605240,prostate,4,0,few_M_or_F,0,0,0,44,False,False,0
AS-605240,skin,3,4,few_M_or_F,0,0,0,44,False,False,0
AS-605240,soft_tissue,1,1,few_M_or_F,0,0,0,44,False,False,0
AS-605240,stomach,1,2,few_M_or_F,0,0,0,44,False,False,0
AS-605240,upper_aerodigestive_tract,1,0,few_M_or_F,0,0,0,44,False,False,0
AS-605240,urinary_tract,0,2,few_M_or_F,0,0,0,44,False,False,0
AZ-628,autonomic_ganglia,0,1,few_M_or_F,0,0,0,44,False,False,0
AZ-628,bone,1,2,few_M_or_F,0,0,0,44,False,False,0
AZ-628,breast,0,10,few_M_or_F,0,0,0,44,False,False,0
AZ-628,central_nervous_system,3,0,few_M_or_F,0,0,0,44,False,False,0
AZ-628,cervix,0,1,few_M_or_F,0,0,0,44,False,False,0
AZ-628,endometrium,0,5,few_M_or_F,0,0,0,44,False,False,0
AZ-628,haematopoietic_and_lymphoid_tissue,6,4,few_M_or_F,0,0,0,44,False,False,0
AZ-628,kidney,1,1,few_M_or_F,0,0,0,44,False,False,0
AZ-628,large_intestine,1,2,few_M_or_F,0,0,0,44,False,False,0
AZ-628,liver,3,0,few_M_or_F,0,0,0,44,False,False,0
AZ-628,lung,6,4,few_M_or_F,0,0,0,44,False,False,0
AZ-628,ovary,0,7,few_M_or_F,0,0,0,44,False,False,0
AZ-628,pancreas,1,0,few_M_or_F,0,0,0,44,False,False,0
AZ-628,placenta,0,1,few_M_or_F,0,0,0,44,False,False,0
AZ-628,prostate,4,0,few_M_or_F,0,0,0,44,False,False,0
AZ-628,skin,1,5,few_M_or_F,0,0,0,44,False,False,0
AZ-628,soft_tissue,1,1,few_M_or_F,0,0,0,44,False,False,0
AZ-628,stomach,1,2,few_M_or_F,0,0,0,44,False,False,0
AZ-628,upper_aerodigestive_tract,1,0,few_M_or_F,0,0,0,44,False,False,0
AZ-628,urinary_tract,0,2,few_M_or_F,0,0,0,44,False,False,0
AZD-8055,bone,1,2,few_M_or_F,0,0,0,44,False,False,0
AZD-8055,breast,0,10,few_M_or_F,0,0,0,44,False,False,0
AZD-8055,central_nervous_system,3,0,few_M_or_F,0,0,0,44,False,False,0
AZD-8055,endometrium,0,7,few_M_or_F,0,0,0,44,False,False,0
AZD-8055,haematopoietic_and_lymphoid_tissue,5,1,few_M_or_F,0,0,0,44,False,False,0
AZD-8055,kidney,1,0,few_M_or_F,0,0,0,44,False,False,0
AZD-8055,large_intestine,8,5,gsea_empty,0,0,0,44,True,False,0
AZD-8055,liver,3,0,few_M_or_F,0,0,0,44,False,False,0
AZD-8055,lung,12,5,gsea_empty,0,0,0,44,True,False,0
AZD-8055,ovary,0,12,few_M_or_F,0,0,0,44,False,False,0
AZD-8055,pancreas,1,0,few_M_or_F,0,0,0,44,False,False,0
AZD-8055,prostate,4,0,few_M_or_F,0,0,0,44,False,False,0
AZD-8055,skin,3,4,few_M_or_F,0,0,0,44,False,False,0
AZD-8055,soft_tissue,1,1,few_M_or_F,0,0,0,44,False,False,0
AZD-8055,stomach,1,2,few_M_or_F,0,0,0,44,False,False,0
AZD-8055,urinary_tract,0,1,few_M_or_F,0,0,0,44,False,False,0
BI-2536,autonomic_ganglia,0,1,few_M_or_F,0,0,0,44,False,False,0
BI-2536,bone,1,3,few_M_or_F,0,0,0,44,False,False,0
BI-2536,breast,0,10,few_M_or_F,0,0,0,44,False,False,0
BI-2536,central_nervous_system,3,0,few_M_or_F,0,0,0,44,False,False,0
BI-2536,cervix,0,1,few_M_or_F,0,0,0,44,False,False,0
BI-2536,endometrium,0,7,few_M_or_F,0,0,0,44,False,False,0
BI-2536,haematopoietic_and_lymphoid_tissue,6,1,few_M_or_F,0,0,0,44,False,False,0
BI-2536,kidney,1,1,few_M_or_F,0,0,0,44,False,False,0
BI-2536,large_intestine,8,5,gene_set_too_small,0,0,1,43,True,False,0
BI-2536,liver,3,0,few_M_or_F,0,0,0,44,False,False,0
BI-2536,lung,14,9,gsea_empty,0,0,0,44,True,False,0
BI-2536,ovary,0,13,few_M_or_F,0,0,0,44,False,False,0
BI-2536,pancreas,1,0,few_M_or_F,0,0,0,44,False,False,0
BI-2536,prostate,4,0,few_M_or_F,0,0,0,44,False,False,0
BI-2536,skin,3,4,few_M_or_F,0,0,0,44,False,False,0
BI-2536,soft_tissue,1,1,few_M_or_F,0,0,0,44,False,False,0
BI-2536,stomach,1,2,few_M_or_F,0,0,0,44,False,False,0
BI-2536,upper_aerodigestive_tract,1,0,few_M_or_F,0,0,0,44,False,False,0
BI-2536,urinary_tract,0,2,few_M_or_F,0,0,0,44,False,False,0
BRD-K61033289,bone,1,3,few_M_or_F,0,0,0,44,False,False,0
BRD-K61033289,breast,0,5,few_M_or_F,0,0,0,44,False,False,0
BRD-K61033289,central_nervous_system,3,0,few_M_or_F,0,0,0,44,False,False,0
BRD-K61033289,endometrium,0,7,few_M_or_F,0,0,0,44,False,False,0
BRD-K61033289,haematopoietic_and_lymphoid_tissue,5,1,few_M_or_F,0,0,0,44,False,False,0
BRD-K61033289,kidney,1,0,few_M_or_F,0,0,0,44,False,False,0
BRD-K61033289,large_intestine,8,5,gsea_empty,0,0,0,44,True,False,0
BRD-K61033289,liver,3,0,few_M_or_F,0,0,0,44,False,False,0
BRD-K61033289,lung,13,6,gsea_empty,0,0,0,44,True,False,0
BRD-K61033289,ovary,0,13,few_M_or_F,0,0,0,44,False,False,0
BRD-K61033289,pancreas,1,0,few_M_or_F,0,0,0,44,False,False,0
BRD-K61033289,prostate,4,0,few_M_or_F,0,0,0,44,False,False,0
BRD-K61033289,skin,3,4,few_M_or_F,0,0,0,44,False,False,0
BRD-K61033289,soft_tissue,1,1,few_M_or_F,0,0,0,44,False,False,0
BRD-K61033289,stomach,1,2,few_M_or_F,0,0,0,44,False,False,0
BRD-K61033289,upper_aerodigestive_tract,1,0,few_M_or_F,0,0,0,44,False,False,0
BRD-K61033289,urinary_tract,0,2,few_M_or_F,0,0,0,44,False,False,0
DL-PDMP,bone,1,3,few_M_or_F,0,0,0,44,False,False,0
DL-PDMP,breast,0,5,few_M_or_F,0,0,0,44,False,False,0
DL-PDMP,central_nervous_system,3,0,few_M_or_F,0,0,0,44,False,False,0
DL-PDMP,endometrium,0,7,few_M_or_F,0,0,0,44,False,False,0
DL-PDMP,haematopoietic_and_lymphoid_tissue,5,1,few_M_or_F,0,0,0,44,False,False,0
DL-PDMP,kidney,1,0,few_M_or_F,0,0,0,44,False,False,0
DL-PDMP,large_intestine,8,5,gsea_empty,0,0,0,44,True,False,0
DL-PDMP,liver,3,0,few_M_or_F,0,0,0,44,False,False,0
DL-PDMP,lung,13,6,gsea_empty,0,0,0,44,True,False,0
DL-PDMP,ovary,0,13,few_M_or_F,0,0,0,44,False,False,0
DL-PDMP,pancreas,1,0,few_M_or_F,0,0,0,44,False,False,0
DL-PDMP,prostate,4,0,few_M_or_F,0,0,0,44,False,False,0
DL-PDMP,skin,3,4,few_M_or_F,0,0,0,44,False,False,0
DL-PDMP,soft_tissue,1,1,few_M_or_F,0,0,0,44,False,False,0
DL-PDMP,stomach,1,2,few_M_or_F,0,0,0,44,False,False,0
DL-PDMP,upper_aerodigestive_tract,1,0,few_M_or_F,0,0,0,44,False,False,0
DL-PDMP,urinary_tract,0,2,few_M_or_F,0,0,0,44,False,False,0
KU-0063794,bone,1,3,few_M_or_F,0,0,0,44,False,False,0
KU-0063794,breast,0,5,few_M_or_F,0,0,0,44,False,False,0
KU-0063794,central_nervous_system,3,0,few_M_or_F,0,0,0,44,False,False,0
KU-0063794,endometrium,0,7,few_M_or_F,0,0,0,44,False,False,0
KU-0063794,haematopoietic_and_lymphoid_tissue,5,1,few_M_or_F,0,0,0,44,False,False,0
KU-0063794,kidney,1,0,few_M_or_F,0,0,0,44,False,False,0
KU-0063794,large_intestine,8,5,gsea_empty,0,0,0,44,True,False,0
KU-0063794,liver,3,0,few_M_or_F,0,0,0,44,False,False,0
KU-0063794,lung,14,9,gsea_empty,0,0,0,44,True,False,0
KU-0063794,ovary,0,13,few_M_or_F,0,0,0,44,False,False,0
KU-0063794,pancreas,1,0,few_M_or_F,0,0,0,44,False,False,0
KU-0063794,prostate,4,0,few_M_or_F,0,0,0,44,False,False,0
KU-0063794,skin,3,4,few_M_or_F,0,0,0,44,False,False,0
KU-0063794,soft_tissue,1,1,few_M_or_F,0,0,0,44,False,False,0
KU-0063794,stomach,1,2,few_M_or_F,0,0,0,44,False,False,0
KU-0063794,upper_aerodigestive_tract,1,0,few_M_or_F,0,0,0,44,False,False,0
KU-0063794,urinary_tract,0,2,few_M_or_F,0,0,0,44,False,False,0
NVP-AUY922,bone,1,3,few_M_or_F,0,0,0,44,False,False,0
NVP-AUY922,breast,0,10,few_M_or_F,0,0,0,44,False,False,0
NVP-AUY922,central_nervous_system,3,0,few_M_or_F,0,0,0,44,False,False,0
NVP-AUY922,endometrium,0,7,few_M_or_F,0,0,0,44,False,False,0
NVP-AUY922,haematopoietic_and_lymphoid_tissue,5,1,few_M_or_F,0,0,0,44,False,False,0
NVP-AUY922,kidney,1,0,few_M_or_F,0,0,0,44,False,False,0
NVP-AUY922,large_intestine,8,5,gsea_empty,0,0,0,44,True,False,0
NVP-AUY922,liver,3,0,few_M_or_F,0,0,0,44,False,False,0
NVP-AUY922,lung,14,9,gsea_empty,0,0,0,44,True,False,0
NVP-AUY922,ovary,0,13,few_M_or_F,0,0,0,44,False,False,0
NVP-AUY922,pancreas,1,0,few_M_or_F,0,0,0,44,False,False,0
NVP-AUY922,prostate,4,0,few_M_or_F,0,0,0,44,False,False,0
NVP-AUY922,skin,3,4,few_M_or_F,0,0,0,44,False,False,0
NVP-AUY922,soft_tissue,1,1,few_M_or_F,0,0,0,44,False,False,0
NVP-AUY922,stomach,1,2,few_M_or_F,0,0,0,44,False,False,0
NVP-AUY922,upper_aerodigestive_tract,1,0,few_M_or_F,0,0,0,44,False,False,0
NVP-AUY922,urinary_tract,0,2,few_M_or_F,0,0,0,44,False,False,0
NVP-BEZ235,bone,1,3,few_M_or_F,0,0,0,44,False,False,0
NVP-BEZ235,breast,0,10,few_M_or_F,0,0,0,44,False,False,0
NVP-BEZ235,central_nervous_system,3,0,few_M_or_F,0,0,0,44,False,False,0
NVP-BEZ235,cervix,0,1,few_M_or_F,0,0,0,44,False,False,0
NVP-BEZ235,endometrium,0,7,few_M_or_F,0,0,0,44,False,False,0
NVP-BEZ235,haematopoietic_and_lymphoid_tissue,9,5,gsea_empty,0,0,0,44,True,False,0
NVP-BEZ235,kidney,1,0,few_M_or_F,0,0,0,44,False,False,0
NVP-BEZ235,large_intestine,8,5,gsea_empty,0,0,0,44,True,False,0
NVP-BEZ235,liver,3,0,few_M_or_F,0,0,0,44,False,False,0
NVP-BEZ235,lung,14,9,gene_set_too_small,0,1,5,38,True,False,1
NVP-BEZ235,ovary,0,13,few_M_or_F,0,0,0,44,False,False,0
NVP-BEZ235,pancreas,1,0,few_M_or_F,0,0,0,44,False,False,0
NVP-BEZ235,placenta,0,1,few_M_or_F,0,0,0,44,False,False,0
NVP-BEZ235,prostate,4,0,few_M_or_F,0,0,0,44,False,False,0
NVP-BEZ235,skin,3,5,few_M_or_F,0,0,0,44,False,False,0
NVP-BEZ235,soft_tissue,1,1,few_M_or_F,0,0,0,44,False,False,0
NVP-BEZ235,stomach,1,2,few_M_or_F,0,0,0,44,False,False,0
NVP-BEZ235,upper_aerodigestive_tract,1,0,few_M_or_F,0,0,0,44,False,False,0
NVP-BEZ235,urinary_tract,0,2,few_M_or_F,0,0,0,44,False,False,0
PI-103,bone,1,3,few_M_or_F,0,0,0,44,False,False,0
PI-103,breast,0,10,few_M_or_F,0,0,0,44,False,False,0
PI-103,central_nervous_system,3,0,few_M_or_F,0,0,0,44,False,False,0
PI-103,cervix,0,1,few_M_or_F,0,0,0,44,False,False,0
PI-103,endometrium,0,7,few_M_or_F,0,0,0,44,False,False,0
PI-103,haematopoietic_and_lymphoid_tissue,5,1,few_M_or_F,0,0,0,44,False,False,0
PI-103,kidney,1,0,few_M_or_F,0,0,0,44,False,False,0
PI-103,large_intestine,8,5,gsea_empty,0,0,0,44,True,False,0
PI-103,liver,3,0,few_M_or_F,0,0,0,44,False,False,0
PI-103,lung,13,6,gsea_empty,0,0,0,44,True,False,0
PI-103,ovary,0,13,few_M_or_F,0,0,0,44,False,False,0
PI-103,pancreas,1,0,few_M_or_F,0,0,0,44,False,False,0
PI-103,prostate,4,0,few_M_or_F,0,0,0,44,False,False,0
PI-103,skin,3,4,few_M_or_F,0,0,0,44,False,False,0
PI-103,soft_tissue,1,1,few_M_or_F,0,0,0,44,False,False,0
PI-103,stomach,1,2,few_M_or_F,0,0,0,44,False,False,0
PI-103,upper_aerodigestive_tract,1,0,few_M_or_F,0,0,0,44,False,False,0
PI-103,urinary_tract,0,2,few_M_or_F,0,0,0,44,False,False,0
PJ-34,bone,1,3,few_M_or_F,0,0,0,44,False,False,0
PJ-34,breast,0,5,few_M_or_F,0,0,0,44,False,False,0
PJ-34,central_nervous_system,3,0,few_M_or_F,0,0,0,44,False,False,0
PJ-34,endometrium,0,7,few_M_or_F,0,0,0,44,False,False,0
PJ-34,haematopoietic_and_lymphoid_tissue,5,1,few_M_or_F,0,0,0,44,False,False,0
PJ-34,kidney,1,0,few_M_or_F,0,0,0,44,False,False,0
PJ-34,large_intestine,8,5,gsea_empty,0,0,0,44,True,False,0
PJ-34,liver,3,0,few_M_or_F,0,0,0,44,False,False,0
PJ-34,lung,13,6,gsea_empty,0,0,0,44,True,False,0
PJ-34,ovary,0,13,few_M_or_F,0,0,0,44,False,False,0
PJ-34,pancreas,1,0,few_M_or_F,0,0,0,44,False,False,0
PJ-34,prostate,4,0,few_M_or_F,0,0,0,44,False,False,0
PJ-34,skin,3,4,few_M_or_F,0,0,0,44,False,False,0
PJ-34,soft_tissue,1,1,few_M_or_F,0,0,0,44,False,False,0
PJ-34,stomach,1,2,few_M_or_F,0,0,0,44,False,False,0
PJ-34,upper_aerodigestive_tract,1,0,few_M_or_F,0,0,0,44,False,False,0
PJ-34,urinary_tract,0,2,few_M_or_F,0,0,0,44,False,False,0
RITA,bone,1,3,few_M_or_F,0,0,0,44,False,False,0
RITA,breast,0,5,few_M_or_F,0,0,0,44,False,False,0
RITA,central_nervous_system,3,0,few_M_or_F,0,0,0,44,False,False,0
RITA,endometrium,0,7,few_M_or_F,0,0,0,44,False,False,0
RITA,haematopoietic_and_lymphoid_tissue,5,1,few_M_or_F,0,0,0,44,False,False,0
RITA,kidney,1,0,few_M_or_F,0,0,0,44,False,False,0
RITA,large_intestine,8,5,gsea_empty,0,0,0,44,True,False,0
RITA,liver,3,0,few_M_or_F,0,0,0,44,False,False,0
RITA,lung,13,6,gsea_empty,0,0,0,44,True,False,0
RITA,ovary,0,13,few_M_or_F,0,0,0,44,False,False,0
RITA,pancreas,1,0,few_M_or_F,0,0,0,44,False,False,0
RITA,prostate,4,0,few_M_or_F,0,0,0,44,False,False,0
RITA,skin,3,4,few_M_or_F,0,0,0,44,False,False,0
RITA,soft_tissue,1,1,few_M_or_F,0,0,0,44,False,False,0
RITA,stomach,1,2,few_M_or_F,0,0,0,44,False,False,0
RITA,upper_aerodigestive_tract,1,0,few_M_or_F,0,0,0,44,False,False,0
RITA,urinary_tract,0,2,few_M_or_F,0,0,0,44,False,False,0
TW-37,bone,1,3,few_M_or_F,0,0,0,44,False,False,0
TW-37,breast,0,5,few_M_or_F,0,0,0,44,False,False,0
TW-37,central_nervous_system,3,0,few_M_or_F,0,0,0,44,False,False,0
TW-37,endometrium,0,7,few_M_or_F,0,0,0,44,False,False,0
TW-37,haematopoietic_and_lymphoid_tissue,5,1,few_M_or_F,0,0,0,44,False,False,0
TW-37,kidney,1,0,few_M_or_F,0,0,0,44,False,False,0
TW-37,large_intestine,8,4,few_M_or_F,0,0,0,44,False,False,0
TW-37,liver,3,0,few_M_or_F,0,0,0,44,False,False,0
TW-37,lung,12,6,gene_set_too_small,0,0,21,23,True,False,0
TW-37,ovary,0,13,few_M_or_F,0,0,0,44,False,False,0
TW-37,pancreas,1,0,few_M_or_F,0,0,0,44,False,False,0
TW-37,prostate,4,0,few_M_or_F,0,0,0,44,False,False,0
TW-37,skin,3,4,few_M_or_F,0,0,0,44,False,False,0
TW-37,soft_tissue,1,1,few_M_or_F,0,0,0,44,False,False,0
TW-37,stomach,1,2,few_M_or_F,0,0,0,44,False,False,0
TW-37,upper_aerodigestive_tract,1,0,few_M_or_F,0,0,0,44,False,False,0
TW-37,urinary_tract,0,2,few_M_or_F,0,0,0,44,False,False,0
YM-155,bone,1,3,few_M_or_F,0,0,0,44,False,False,0
YM-155,breast,0,7,few_M_or_F,0,0,0,44,False,False,0
YM-155,central_nervous_system,3,0,few_M_or_F,0,0,0,44,False,False,0
YM-155,cervix,0,1,few_M_or_F,0,0,0,44,False,False,0
YM-155,endometrium,0,7,few_M_or_F,0,0,0,44,False,False,0
YM-155,haematopoietic_and_lymphoid_tissue,6,1,few_M_or_F,0,0,0,44,False,False,0
YM-155,kidney,1,1,few_M_or_F,0,0,0,44,False,False,0
YM-155,large_intestine,8,5,gene_set_too_small,0,0,36,8,True,False,0
YM-155,liver,3,0,few_M_or_F,0,0,0,44,False,False,0
YM-155,lung,10,6,,0,16,28,0,True,True,16
YM-155,ovary,0,13,few_M_or_F,0,0,0,44,False,False,0
YM-155,pancreas,1,0,few_M_or_F,0,0,0,44,False,False,0
YM-155,prostate,4,0,few_M_or_F,0,0,0,44,False,False,0
YM-155,skin,3,3,few_M_or_F,0,0,0,44,False,False,0
YM-155,soft_tissue,1,1,few_M_or_F,0,0,0,44,False,False,0
YM-155,stomach,1,2,few_M_or_F,0,0,0,44,False,False,0
YM-155,upper_aerodigestive_tract,1,0,few_M_or_F,0,0,0,44,False,False,0
YM-155,urinary_tract,0,2,few_M_or_F,0,0,0,44,False,False,0
afatinib,bone,1,2,few_M_or_F,0,0,0,44,False,False,0
afatinib,breast,0,10,few_M_or_F,0,0,0,44,False,False,0
afatinib,central_nervous_system,3,1,few_M_or_F,0,0,0,44,False,False,0
afatinib,cervix,0,1,few_M_or_F,0,0,0,44,False,False,0
afatinib,endometrium,0,7,few_M_or_F,0,0,0,44,False,False,0
afatinib,haematopoietic_and_lymphoid_tissue,7,4,few_M_or_F,0,0,0,44,False,False,0
afatinib,kidney,1,1,few_M_or_F,0,0,0,44,False,False,0
afatinib,large_intestine,3,3,few_M_or_F,0,0,0,44,False,False,0
afatinib,liver,3,0,few_M_or_F,0,0,0,44,False,False,0
afatinib,lung,10,11,gsea_empty,0,0,0,44,True,False,0
afatinib,ovary,0,9,few_M_or_F,0,0,0,44,False,False,0
afatinib,pancreas,1,0,few_M_or_F,0,0,0,44,False,False,0
afatinib,placenta,0,1,few_M_or_F,0,0,0,44,False,False,0
afatinib,prostate,4,0,few_M_or_F,0,0,0,44,False,False,0
afatinib,skin,1,5,few_M_or_F,0,0,0,44,False,False,0
afatinib,soft_tissue,1,1,few_M_or_F,0,0,0,44,False,False,0
afatinib,stomach,1,2,few_M_or_F,0,0,0,44,False,False,0
afatinib,upper_aerodigestive_tract,1,0,few_M_or_F,0,0,0,44,False,False,0
afatinib,urinary_tract,3,2,few_M_or_F,0,0,0,44,False,False,0
atorvastatin,bone,1,3,few_M_or_F,0,0,0,44,False,False,0
atorvastatin,breast,0,7,few_M_or_F,0,0,0,44,False,False,0
atorvastatin,central_nervous_system,3,0,few_M_or_F,0,0,0,44,False,False,0
atorvastatin,cervix,0,1,few_M_or_F,0,0,0,44,False,False,0
atorvastatin,endometrium,0,7,few_M_or_F,0,0,0,44,False,False,0
atorvastatin,haematopoietic_and_lymphoid_tissue,6,1,few_M_or_F,0,0,0,44,False,False,0
atorvastatin,kidney,1,1,few_M_or_F,0,0,0,44,False,False,0
atorvastatin,large_intestine,8,5,gsea_empty,0,0,0,44,True,False,0
atorvastatin,liver,4,0,few_M_or_F,0,0,0,44,False,False,0
atorvastatin,lung,13,6,gsea_empty,0,0,0,44,True,False,0
atorvastatin,ovary,0,13,few_M_or_F,0,0,0,44,False,False,0
atorvastatin,pancreas,1,0,few_M_or_F,0,0,0,44,False,False,0
atorvastatin,prostate,4,0,few_M_or_F,0,0,0,44,False,False,0
atorvastatin,skin,3,4,few_M_or_F,0,0,0,44,False,False,0
atorvastatin,soft_tissue,1,1,few_M_or_F,0,0,0,44,False,False,0
atorvastatin,stomach,1,2,few_M_or_F,0,0,0,44,False,False,0
atorvastatin,upper_aerodigestive_tract,1,0,few_M_or_F,0,0,0,44,False,False,0
atorvastatin,urinary_tract,0,2,few_M_or_F,0,0,0,44,False,False,0
barasertib-HQPA,bone,1,2,few_M_or_F,0,0,0,44,False,False,0
barasertib-HQPA,breast,0,10,few_M_or_F,0,0,0,44,False,False,0
barasertib-HQPA,central_nervous_system,3,0,few_M_or_F,0,0,0,44,False,False,0
barasertib-HQPA,endometrium,0,5,few_M_or_F,0,0,0,44,False,False,0
barasertib-HQPA,haematopoietic_and_lymphoid_tissue,5,4,few_M_or_F,0,0,0,44,False,False,0
barasertib-HQPA,kidney,1,0,few_M_or_F,0,0,0,44,False,False,0
barasertib-HQPA,large_intestine,1,2,few_M_or_F,0,0,0,44,False,False,0
barasertib-HQPA,liver,3,0,few_M_or_F,0,0,0,44,False,False,0
barasertib-HQPA,lung,7,7,gsea_empty,0,0,0,44,True,False,0
barasertib-HQPA,ovary,0,7,few_M_or_F,0,0,0,44,False,False,0
barasertib-HQPA,pancreas,1,0,few_M_or_F,0,0,0,44,False,False,0
barasertib-HQPA,placenta,0,1,few_M_or_F,0,0,0,44,False,False,0
barasertib-HQPA,prostate,4,0,few_M_or_F,0,0,0,44,False,False,0
barasertib-HQPA,skin,1,5,few_M_or_F,0,0,0,44,False,False,0
barasertib-HQPA,soft_tissue,1,1,few_M_or_F,0,0,0,44,False,False,0
barasertib-HQPA,stomach,1,2,few_M_or_F,0,0,0,44,False,False,0
barasertib-HQPA,upper_aerodigestive_tract,1,0,few_M_or_F,0,0,0,44,False,False,0
barasertib-HQPA,urinary_tract,0,2,few_M_or_F,0,0,0,44,False,False,0
bortezomib,bone,1,3,few_M_or_F,0,0,0,44,False,False,0
bortezomib,breast,0,7,few_M_or_F,0,0,0,44,False,False,0
bortezomib,central_nervous_system,2,0,few_M_or_F,0,0,0,44,False,False,0
bortezomib,cervix,0,1,few_M_or_F,0,0,0,44,False,False,0
bortezomib,endometrium,0,7,few_M_or_F,0,0,0,44,False,False,0
bortezomib,haematopoietic_and_lymphoid_tissue,10,5,,1,28,15,0,True,True,29
bortezomib,kidney,1,1,few_M_or_F,0,0,0,44,False,False,0
bortezomib,large_intestine,8,5,,0,2,42,0,True,True,2
bortezomib,liver,3,0,few_M_or_F,0,0,0,44,False,False,0
bortezomib,lung,13,6,,0,0,44,0,True,True,0
bortezomib,ovary,0,13,few_M_or_F,0,0,0,44,False,False,0
bortezomib,pancreas,1,0,few_M_or_F,0,0,0,44,False,False,0
bortezomib,placenta,0,1,few_M_or_F,0,0,0,44,False,False,0
bortezomib,prostate,4,0,few_M_or_F,0,0,0,44,False,False,0
bortezomib,skin,3,5,few_M_or_F,0,0,0,44,False,False,0
bortezomib,soft_tissue,1,1,few_M_or_F,0,0,0,44,False,False,0
bortezomib,stomach,1,2,few_M_or_F,0,0,0,44,False,False,0
bortezomib,upper_aerodigestive_tract,1,0,few_M_or_F,0,0,0,44,False,False,0
bortezomib,urinary_tract,0,2,few_M_or_F,0,0,0,44,False,False,0
calcitriol,bone,1,3,few_M_or_F,0,0,0,44,False,False,0
calcitriol,breast,0,6,few_M_or_F,0,0,0,44,False,False,0
calcitriol,central_nervous_system,3,0,few_M_or_F,0,0,0,44,False,False,0
calcitriol,cervix,0,1,few_M_or_F,0,0,0,44,False,False,0
calcitriol,endometrium,0,7,few_M_or_F,0,0,0,44,False,False,0
calcitriol,haematopoietic_and_lymphoid_tissue,5,2,few_M_or_F,0,0,0,44,False,False,0
calcitriol,kidney,1,0,few_M_or_F,0,0,0,44,False,False,0
calcitriol,large_intestine,8,5,gsea_empty,0,0,0,44,True,False,0
calcitriol,liver,4,0,few_M_or_F,0,0,0,44,False,False,0
calcitriol,lung,14,9,gsea_empty,0,0,0,44,True,False,0
calcitriol,ovary,0,13,few_M_or_F,0,0,0,44,False,False,0
calcitriol,pancreas,1,0,few_M_or_F,0,0,0,44,False,False,0
calcitriol,prostate,4,0,few_M_or_F,0,0,0,44,False,False,0
calcitriol,skin,3,4,few_M_or_F,0,0,0,44,False,False,0
calcitriol,soft_tissue,1,1,few_M_or_F,0,0,0,44,False,False,0
calcitriol,stomach,1,2,few_M_or_F,0,0,0,44,False,False,0
calcitriol,upper_aerodigestive_tract,1,0,few_M_or_F,0,0,0,44,False,False,0
calcitriol,urinary_tract,0,2,few_M_or_F,0,0,0,44,False,False,0
crizotinib,bone,1,2,few_M_or_F,0,0,0,44,False,False,0
crizotinib,breast,0,10,few_M_or_F,0,0,0,44,False,False,0
crizotinib,central_nervous_system,3,0,few_M_or_F,0,0,0,44,False,False,0
crizotinib,cervix,0,1,few_M_or_F,0,0,0,44,False,False,0
crizotinib,endometrium,0,5,few_M_or_F,0,0,0,44,False,False,0
crizotinib,haematopoietic_and_lymphoid_tissue,6,4,few_M_or_F,0,0,0,44,False,False,0
crizotinib,kidney,1,1,few_M_or_F,0,0,0,44,False,False,0
crizotinib,large_intestine,1,2,few_M_or_F,0,0,0,44,False,False,0
crizotinib,liver,3,0,few_M_or_F,0,0,0,44,False,False,0
crizotinib,lung,6,4,few_M_or_F,0,0,0,44,False,False,0
crizotinib,ovary,0,7,few_M_or_F,0,0,0,44,False,False,0
crizotinib,pancreas,1,0,few_M_or_F,0,0,0,44,False,False,0
crizotinib,placenta,0,1,few_M_or_F,0,0,0,44,False,False,0
crizotinib,prostate,4,0,few_M_or_F,0,0,0,44,False,False,0
crizotinib,skin,1,5,few_M_or_F,0,0,0,44,False,False,0
crizotinib,soft_tissue,1,1,few_M_or_F,0,0,0,44,False,False,0
crizotinib,stomach,1,2,few_M_or_F,0,0,0,44,False,False,0
crizotinib,upper_aerodigestive_tract,1,0,few_M_or_F,0,0,0,44,False,False,0
crizotinib,urinary_tract,0,2,few_M_or_F,0,0,0,44,False,False,0
dasatinib,autonomic_ganglia,0,1,few_M_or_F,0,0,0,44,False,False,0
dasatinib,bone,1,2,few_M_or_F,0,0,0,44,False,False,0
dasatinib,breast,0,10,few_M_or_F,0,0,0,44,False,False,0
dasatinib,central_nervous_system,3,0,few_M_or_F,0,0,0,44,False,False,0
dasatinib,cervix,0,1,few_M_or_F,0,0,0,44,False,False,0
dasatinib,endometrium,0,5,few_M_or_F,0,0,0,44,False,False,0
dasatinib,haematopoietic_and_lymphoid_tissue,6,4,few_M_or_F,0,0,0,44,False,False,0
dasatinib,kidney,1,1,few_M_or_F,0,0,0,44,False,False,0
dasatinib,large_intestine,1,2,few_M_or_F,0,0,0,44,False,False,0
dasatinib,liver,4,0,few_M_or_F,0,0,0,44,False,False,0
dasatinib,lung,6,4,few_M_or_F,0,0,0,44,False,False,0
dasatinib,ovary,0,7,few_M_or_F,0,0,0,44,False,False,0
dasatinib,pancreas,1,0,few_M_or_F,0,0,0,44,False,False,0
dasatinib,placenta,0,1,few_M_or_F,0,0,0,44,False,False,0
dasatinib,prostate,4,0,few_M_or_F,0,0,0,44,False,False,0
dasatinib,skin,1,5,few_M_or_F,0,0,0,44,False,False,0
dasatinib,soft_tissue,1,1,few_M_or_F,0,0,0,44,False,False,0
dasatinib,stomach,1,2,few_M_or_F,0,0,0,44,False,False,0
dasatinib,upper_aerodigestive_tract,1,0,few_M_or_F,0,0,0,44,False,False,0
dasatinib,urinary_tract,0,2,few_M_or_F,0,0,0,44,False,False,0
emetine,bone,1,3,few_M_or_F,0,0,0,44,False,False,0
emetine,breast,0,5,few_M_or_F,0,0,0,44,False,False,0
emetine,central_nervous_system,3,0,few_M_or_F,0,0,0,44,False,False,0
emetine,endometrium,0,7,few_M_or_F,0,0,0,44,False,False,0
emetine,haematopoietic_and_lymphoid_tissue,5,1,few_M_or_F,0,0,0,44,False,False,0
emetine,kidney,1,0,few_M_or_F,0,0,0,44,False,False,0
emetine,large_intestine,8,5,gene_set_too_small,0,14,28,2,True,False,14
emetine,liver,4,0,few_M_or_F,0,0,0,44,False,False,0
emetine,lung,13,6,gene_set_too_small,0,17,24,3,True,False,17
emetine,ovary,0,13,few_M_or_F,0,0,0,44,False,False,0
emetine,pancreas,1,0,few_M_or_F,0,0,0,44,False,False,0
emetine,prostate,4,0,few_M_or_F,0,0,0,44,False,False,0
emetine,skin,3,4,few_M_or_F,0,0,0,44,False,False,0
emetine,soft_tissue,1,1,few_M_or_F,0,0,0,44,False,False,0
emetine,stomach,1,2,few_M_or_F,0,0,0,44,False,False,0
emetine,upper_aerodigestive_tract,1,0,few_M_or_F,0,0,0,44,False,False,0
emetine,urinary_tract,0,2,few_M_or_F,0,0,0,44,False,False,0
erlotinib,bone,1,2,few_M_or_F,0,0,0,44,False,False,0
erlotinib,breast,0,10,few_M_or_F,0,0,0,44,False,False,0
erlotinib,central_nervous_system,3,0,few_M_or_F,0,0,0,44,False,False,0
erlotinib,cervix,0,1,few_M_or_F,0,0,0,44,False,False,0
erlotinib,endometrium,0,5,few_M_or_F,0,0,0,44,False,False,0
erlotinib,haematopoietic_and_lymphoid_tissue,7,4,few_M_or_F,0,0,0,44,False,False,0
erlotinib,kidney,1,1,few_M_or_F,0,0,0,44,False,False,0
erlotinib,large_intestine,2,2,few_M_or_F,0,0,0,44,False,False,0
erlotinib,liver,4,0,few_M_or_F,0,0,0,44,False,False,0
erlotinib,lung,7,6,gsea_empty,0,0,0,44,True,False,0
erlotinib,ovary,0,7,few_M_or_F,0,0,0,44,False,False,0
erlotinib,pancreas,1,0,few_M_or_F,0,0,0,44,False,False,0
erlotinib,placenta,0,1,few_M_or_F,0,0,0,44,False,False,0
erlotinib,prostate,4,0,few_M_or_F,0,0,0,44,False,False,0
erlotinib,skin,1,5,few_M_or_F,0,0,0,44,False,False,0
erlotinib,soft_tissue,1,1,few_M_or_F,0,0,0,44,False,False,0
erlotinib,stomach,1,2,few_M_or_F,0,0,0,44,False,False,0
erlotinib,upper_aerodigestive_tract,1,0,few_M_or_F,0,0,0,44,False,False,0
erlotinib,urinary_tract,0,2,few_M_or_F,0,0,0,44,False,False,0
fostamatinib,bone,1,3,few_M_or_F,0,0,0,44,False,False,0
fostamatinib,breast,0,10,few_M_or_F,0,0,0,44,False,False,0
fostamatinib,central_nervous_system,3,0,few_M_or_F,0,0,0,44,False,False,0
fostamatinib,cervix,0,1,few_M_or_F,0,0,0,44,False,False,0
fostamatinib,endometrium,0,7,few_M_or_F,0,0,0,44,False,False,0
fostamatinib,haematopoietic_and_lymphoid_tissue,9,5,gsea_empty,0,0,0,44,True,False,0
fostamatinib,kidney,1,1,few_M_or_F,0,0,0,44,False,False,0
fostamatinib,large_intestine,8,5,gsea_empty,0,0,0,44,True,False,0
fostamatinib,liver,3,0,few_M_or_F,0,0,0,44,False,False,0
fostamatinib,lung,13,6,gsea_empty,0,0,0,44,True,False,0
fostamatinib,ovary,0,13,few_M_or_F,0,0,0,44,False,False,0
fostamatinib,pancreas,1,0,few_M_or_F,0,0,0,44,False,False,0
fostamatinib,placenta,0,1,few_M_or_F,0,0,0,44,False,False,0
fostamatinib,prostate,4,0,few_M_or_F,0,0,0,44,False,False,0
fostamatinib,skin,3,5,few_M_or_F,0,0,0,44,False,False,0
fostamatinib,soft_tissue,1,1,few_M_or_F,0,0,0,44,False,False,0
fostamatinib,stomach,1,2,few_M_or_F,0,0,0,44,False,False,0
fostamatinib,upper_aerodigestive_tract,1,0,few_M_or_F,0,0,0,44,False,False,0
fostamatinib,urinary_tract,0,2,few_M_or_F,0,0,0,44,False,False,0
gefitinib,bone,1,2,few_M_or_F,0,0,0,44,False,False,0
gefitinib,breast,0,10,few_M_or_F,0,0,0,44,False,False,0
gefitinib,central_nervous_system,3,0,few_M_or_F,0,0,0,44,False,False,0
gefitinib,cervix,0,1,few_M_or_F,0,0,0,44,False,False,0
gefitinib,endometrium,0,5,few_M_or_F,0,0,0,44,False,False,0
gefitinib,haematopoietic_and_lymphoid_tissue,6,4,few_M_or_F,0,0,0,44,False,False,0
gefitinib,kidney,1,1,few_M_or_F,0,0,0,44,False,False,0
gefitinib,large_intestine,1,2,few_M_or_F,0,0,0,44,False,False,0
gefitinib,liver,4,0,few_M_or_F,0,0,0,44,False,False,0
gefitinib,lung,7,7,gsea_empty,0,0,0,44,True,False,0
gefitinib,ovary,0,7,few_M_or_F,0,0,0,44,False,False,0
gefitinib,pancreas,1,0,few_M_or_F,0,0,0,44,False,False,0
gefitinib,placenta,0,1,few_M_or_F,0,0,0,44,False,False,0
gefitinib,prostate,4,0,few_M_or_F,0,0,0,44,False,False,0
gefitinib,skin,1,5,few_M_or_F,0,0,0,44,False,False,0
gefitinib,soft_tissue,1,1,few_M_or_F,0,0,0,44,False,False,0
gefitinib,stomach,1,2,few_M_or_F,0,0,0,44,False,False,0
gefitinib,upper_aerodigestive_tract,1,0,few_M_or_F,0,0,0,44,False,False,0
gefitinib,urinary_tract,0,2,few_M_or_F,0,0,0,44,False,False,0
idarubicin,bone,1,2,few_M_or_F,0,0,0,44,False,False,0
idarubicin,breast,0,5,few_M_or_F,0,0,0,44,False,False,0
idarubicin,central_nervous_system,3,0,few_M_or_F,0,0,0,44,False,False,0
idarubicin,endometrium,0,7,few_M_or_F,0,0,0,44,False,False,0
idarubicin,haematopoietic_and_lymphoid_tissue,5,1,few_M_or_F,0,0,0,44,False,False,0
idarubicin,kidney,1,0,few_M_or_F,0,0,0,44,False,False,0
idarubicin,large_intestine,8,5,gene_set_too_small,0,0,10,34,True,False,0
idarubicin,liver,3,0,few_M_or_F,0,0,0,44,False,False,0
idarubicin,lung,13,6,gene_set_too_small,0,0,41,3,True,False,0
idarubicin,ovary,0,13,few_M_or_F,0,0,0,44,False,False,0
idarubicin,pancreas,1,0,few_M_or_F,0,0,0,44,False,False,0
idarubicin,prostate,4,0,few_M_or_F,0,0,0,44,False,False,0
idarubicin,skin,3,4,few_M_or_F,0,0,0,44,False,False,0
idarubicin,soft_tissue,1,1,few_M_or_F,0,0,0,44,False,False,0
idarubicin,stomach,1,2,few_M_or_F,0,0,0,44,False,False,0
idarubicin,upper_aerodigestive_tract,1,0,few_M_or_F,0,0,0,44,False,False,0
idarubicin,urinary_tract,0,2,few_M_or_F,0,0,0,44,False,False,0
imatinib,bone,1,2,few_M_or_F,0,0,0,44,False,False,0
imatinib,breast,0,10,few_M_or_F,0,0,0,44,False,False,0
imatinib,central_nervous_system,3,0,few_M_or_F,0,0,0,44,False,False,0
imatinib,cervix,0,1,few_M_or_F,0,0,0,44,False,False,0
imatinib,endometrium,0,5,few_M_or_F,0,0,0,44,False,False,0
imatinib,haematopoietic_and_lymphoid_tissue,6,4,few_M_or_F,0,0,0,44,False,False,0
imatinib,kidney,1,1,few_M_or_F,0,0,0,44,False,False,0
imatinib,large_intestine,1,2,few_M_or_F,0,0,0,44,False,False,0
imatinib,liver,4,0,few_M_or_F,0,0,0,44,False,False,0
imatinib,lung,6,4,few_M_or_F,0,0,0,44,False,False,0
imatinib,ovary,0,7,few_M_or_F,0,0,0,44,False,False,0
imatinib,pancreas,1,0,few_M_or_F,0,0,0,44,False,False,0
imatinib,placenta,0,1,few_M_or_F,0,0,0,44,False,False,0
imatinib,prostate,4,0,few_M_or_F,0,0,0,44,False,False,0
imatinib,skin,1,5,few_M_or_F,0,0,0,44,False,False,0
imatinib,soft_tissue,1,1,few_M_or_F,0,0,0,44,False,False,0
imatinib,stomach,1,2,few_M_or_F,0,0,0,44,False,False,0
imatinib,upper_aerodigestive_tract,1,0,few_M_or_F,0,0,0,44,False,False,0
imatinib,urinary_tract,0,2,few_M_or_F,0,0,0,44,False,False,0
ixazomib,bone,1,3,few_M_or_F,0,0,0,44,False,False,0
ixazomib,breast,0,7,few_M_or_F,0,0,0,44,False,False,0
ixazomib,central_nervous_system,3,0,few_M_or_F,0,0,0,44,False,False,0
ixazomib,cervix,0,1,few_M_or_F,0,0,0,44,False,False,0
ixazomib,endometrium,0,7,few_M_or_F,0,0,0,44,False,False,0
ixazomib,haematopoietic_and_lymphoid_tissue,6,1,few_M_or_F,0,0,0,44,False,False,0
ixazomib,kidney,1,1,few_M_or_F,0,0,0,44,False,False,0
ixazomib,large_intestine,8,5,gene_set_too_small,0,0,42,2,True,False,0
ixazomib,liver,3,0,few_M_or_F,0,0,0,44,False,False,0
ixazomib,lung,13,6,gsea_empty,0,0,0,44,True,False,0
ixazomib,ovary,0,13,few_M_or_F,0,0,0,44,False,False,0
ixazomib,pancreas,1,0,few_M_or_F,0,0,0,44,False,False,0
ixazomib,prostate,4,0,few_M_or_F,0,0,0,44,False,False,0
ixazomib,skin,3,4,few_M_or_F,0,0,0,44,False,False,0
ixazomib,soft_tissue,1,1,few_M_or_F,0,0,0,44,False,False,0
ixazomib,stomach,1,2,few_M_or_F,0,0,0,44,False,False,0
ixazomib,upper_aerodigestive_tract,1,0,few_M_or_F,0,0,0,44,False,False,0
ixazomib,urinary_tract,0,2,few_M_or_F,0,0,0,44,False,False,0
lapatinib,bone,1,2,few_M_or_F,0,0,0,44,False,False,0
lapatinib,breast,0,10,few_M_or_F,0,0,0,44,False,False,0
lapatinib,central_nervous_system,3,1,few_M_or_F,0,0,0,44,False,False,0
lapatinib,cervix,0,1,few_M_or_F,0,0,0,44,False,False,0
lapatinib,endometrium,0,7,few_M_or_F,0,0,0,44,False,False,0
lapatinib,haematopoietic_and_lymphoid_tissue,6,4,few_M_or_F,0,0,0,44,False,False,0
lapatinib,kidney,1,1,few_M_or_F,0,0,0,44,False,False,0
lapatinib,large_intestine,3,3,few_M_or_F,0,0,0,44,False,False,0
lapatinib,liver,4,0,few_M_or_F,0,0,0,44,False,False,0
lapatinib,lung,9,8,gsea_empty,0,0,0,44,True,False,0
lapatinib,ovary,0,9,few_M_or_F,0,0,0,44,False,False,0
lapatinib,pancreas,1,0,few_M_or_F,0,0,0,44,False,False,0
lapatinib,placenta,0,1,few_M_or_F,0,0,0,44,False,False,0
lapatinib,prostate,4,0,few_M_or_F,0,0,0,44,False,False,0
lapatinib,skin,1,5,few_M_or_F,0,0,0,44,False,False,0
lapatinib,soft_tissue,1,1,few_M_or_F,0,0,0,44,False,False,0
lapatinib,stomach,1,2,few_M_or_F,0,0,0,44,False,False,0
lapatinib,upper_aerodigestive_tract,1,0,few_M_or_F,0,0,0,44,False,False,0
lapatinib,urinary_tract,3,2,few_M_or_F,0,0,0,44,False,False,0
masitinib,autonomic_ganglia,0,1,few_M_or_F,0,0,0,44,False,False,0
masitinib,bone,1,2,few_M_or_F,0,0,0,44,False,False,0
masitinib,breast,0,10,few_M_or_F,0,0,0,44,False,False,0
masitinib,central_nervous_system,3,0,few_M_or_F,0,0,0,44,False,False,0
masitinib,cervix,0,1,few_M_or_F,0,0,0,44,False,False,0
masitinib,endometrium,0,5,few_M_or_F,0,0,0,44,False,False,0
masitinib,haematopoietic_and_lymphoid_tissue,6,4,few_M_or_F,0,0,0,44,False,False,0
masitinib,kidney,1,1,few_M_or_F,0,0,0,44,False,False,0
masitinib,large_intestine,1,2,few_M_or_F,0,0,0,44,False,False,0
masitinib,liver,3,0,few_M_or_F,0,0,0,44,False,False,0
masitinib,lung,7,7,gsea_empty,0,0,0,44,True,False,0
masitinib,ovary,0,7,few_M_or_F,0,0,0,44,False,False,0
masitinib,pancreas,1,0,few_M_or_F,0,0,0,44,False,False,0
masitinib,placenta,0,1,few_M_or_F,0,0,0,44,False,False,0
masitinib,prostate,4,0,few_M_or_F,0,0,0,44,False,False,0
masitinib,skin,1,5,few_M_or_F,0,0,0,44,False,False,0
masitinib,soft_tissue,1,1,few_M_or_F,0,0,0,44,False,False,0
masitinib,stomach,1,2,few_M_or_F,0,0,0,44,False,False,0
masitinib,upper_aerodigestive_tract,1,0,few_M_or_F,0,0,0,44,False,False,0
masitinib,urinary_tract,0,2,few_M_or_F,0,0,0,44,False,False,0
mitoxantrone,autonomic_ganglia,0,1,few_M_or_F,0,0,0,44,False,False,0
mitoxantrone,bone,1,2,few_M_or_F,0,0,0,44,False,False,0
mitoxantrone,breast,0,10,few_M_or_F,0,0,0,44,False,False,0
mitoxantrone,central_nervous_system,3,1,few_M_or_F,0,0,0,44,False,False,0
mitoxantrone,cervix,0,1,few_M_or_F,0,0,0,44,False,False,0
mitoxantrone,endometrium,0,5,few_M_or_F,0,0,0,44,False,False,0
mitoxantrone,haematopoietic_and_lymphoid_tissue,7,5,gene_set_too_small,0,1,41,2,True,False,1
mitoxantrone,kidney,1,1,few_M_or_F,0,0,0,44,False,False,0
mitoxantrone,large_intestine,3,2,few_M_or_F,0,0,0,44,False,False,0
mitoxantrone,liver,4,0,few_M_or_F,0,0,0,44,False,False,0
mitoxantrone,lung,8,9,gene_set_too_small,0,0,42,2,True,False,0
mitoxantrone,ovary,0,7,few_M_or_F,0,0,0,44,False,False,0
mitoxantrone,pancreas,1,0,few_M_or_F,0,0,0,44,False,False,0
mitoxantrone,placenta,0,1,few_M_or_F,0,0,0,44,False,False,0
mitoxantrone,prostate,5,0,few_M_or_F,0,0,0,44,False,False,0
mitoxantrone,skin,1,5,few_M_or_F,0,0,0,44,False,False,0
mitoxantrone,soft_tissue,1,1,few_M_or_F,0,0,0,44,False,False,0
mitoxantrone,stomach,1,2,few_M_or_F,0,0,0,44,False,False,0
mitoxantrone,upper_aerodigestive_tract,1,0,few_M_or_F,0,0,0,44,False,False,0
mitoxantrone,urinary_tract,0,2,few_M_or_F,0,0,0,44,False,False,0
nutlin-3,bone,1,3,few_M_or_F,0,0,0,44,False,False,0
nutlin-3,breast,0,7,few_M_or_F,0,0,0,44,False,False,0
nutlin-3,central_nervous_system,3,0,few_M_or_F,0,0,0,44,False,False,0
nutlin-3,cervix,0,1,few_M_or_F,0,0,0,44,False,False,0
nutlin-3,endometrium,0,7,few_M_or_F,0,0,0,44,False,False,0
nutlin-3,haematopoietic_and_lymphoid_tissue,6,1,few_M_or_F,0,0,0,44,False,False,0
nutlin-3,kidney,1,1,few_M_or_F,0,0,0,44,False,False,0
nutlin-3,large_intestine,8,5,gsea_empty,0,0,0,44,True,False,0
nutlin-3,liver,3,0,few_M_or_F,0,0,0,44,False,False,0
nutlin-3,lung,13,6,gsea_empty,0,0,0,44,True,False,0
nutlin-3,ovary,0,13,few_M_or_F,0,0,0,44,False,False,0
nutlin-3,pancreas,1,0,few_M_or_F,0,0,0,44,False,False,0
nutlin-3,prostate,4,0,few_M_or_F,0,0,0,44,False,False,0
nutlin-3,skin,3,4,few_M_or_F,0,0,0,44,False,False,0
nutlin-3,soft_tissue,1,1,few_M_or_F,0,0,0,44,False,False,0
nutlin-3,stomach,1,2,few_M_or_F,0,0,0,44,False,False,0
nutlin-3,upper_aerodigestive_tract,1,0,few_M_or_F,0,0,0,44,False,False,0
nutlin-3,urinary_tract,0,2,few_M_or_F,0,0,0,44,False,False,0
olaparib,autonomic_ganglia,0,1,few_M_or_F,0,0,0,44,False,False,0
olaparib,bone,1,3,few_M_or_F,0,0,0,44,False,False,0
olaparib,breast,0,10,few_M_or_F,0,0,0,44,False,False,0
olaparib,central_nervous_system,3,0,few_M_or_F,0,0,0,44,False,False,0
olaparib,cervix,0,1,few_M_or_F,0,0,0,44,False,False,0
olaparib,endometrium,0,7,few_M_or_F,0,0,0,44,False,False,0
olaparib,haematopoietic_and_lymphoid_tissue,6,1,few_M_or_F,0,0,0,44,False,False,0
olaparib,kidney,1,1,few_M_or_F,0,0,0,44,False,False,0
olaparib,large_intestine,8,5,gsea_empty,0,0,0,44,True,False,0
olaparib,liver,3,0,few_M_or_F,0,0,0,44,False,False,0
olaparib,lung,14,9,gsea_empty,0,0,0,44,True,False,0
olaparib,ovary,0,13,few_M_or_F,0,0,0,44,False,False,0
olaparib,pancreas,1,0,few_M_or_F,0,0,0,44,False,False,0
olaparib,prostate,4,0,few_M_or_F,0,0,0,44,False,False,0
olaparib,skin,3,4,few_M_or_F,0,0,0,44,False,False,0
olaparib,soft_tissue,1,1,few_M_or_F,0,0,0,44,False,False,0
olaparib,stomach,1,2,few_M_or_F,0,0,0,44,False,False,0
olaparib,upper_aerodigestive_tract,1,0,few_M_or_F,0,0,0,44,False,False,0
olaparib,urinary_tract,0,2,few_M_or_F,0,0,0,44,False,False,0
parbendazole,bone,1,3,few_M_or_F,0,0,0,44,False,False,0
parbendazole,breast,0,5,few_M_or_F,0,0,0,44,False,False,0
parbendazole,central_nervous_system,3,0,few_M_or_F,0,0,0,44,False,False,0
parbendazole,endometrium,0,7,few_M_or_F,0,0,0,44,False,False,0
parbendazole,haematopoietic_and_lymphoid_tissue,5,1,few_M_or_F,0,0,0,44,False,False,0
parbendazole,kidney,1,0,few_M_or_F,0,0,0,44,False,False,0
parbendazole,large_intestine,8,5,gsea_empty,0,0,0,44,True,False,0
parbendazole,liver,3,0,few_M_or_F,0,0,0,44,False,False,0
parbendazole,lung,13,6,gsea_empty,0,0,0,44,True,False,0
parbendazole,ovary,0,13,few_M_or_F,0,0,0,44,False,False,0
parbendazole,pancreas,1,0,few_M_or_F,0,0,0,44,False,False,0
parbendazole,prostate,4,0,few_M_or_F,0,0,0,44,False,False,0
parbendazole,skin,3,4,few_M_or_F,0,0,0,44,False,False,0
parbendazole,soft_tissue,1,1,few_M_or_F,0,0,0,44,False,False,0
parbendazole,stomach,1,2,few_M_or_F,0,0,0,44,False,False,0
parbendazole,upper_aerodigestive_tract,1,0,few_M_or_F,0,0,0,44,False,False,0
parbendazole,urinary_tract,0,2,few_M_or_F,0,0,0,44,False,False,0
rucaparib,autonomic_ganglia,0,1,few_M_or_F,0,0,0,44,False,False,0
rucaparib,bone,1,3,few_M_or_F,0,0,0,44,False,False,0
rucaparib,breast,0,7,few_M_or_F,0,0,0,44,False,False,0
rucaparib,central_nervous_system,3,0,few_M_or_F,0,0,0,44,False,False,0
rucaparib,cervix,0,1,few_M_or_F,0,0,0,44,False,False,0
rucaparib,endometrium,0,7,few_M_or_F,0,0,0,44,False,False,0
rucaparib,haematopoietic_and_lymphoid_tissue,6,1,few_M_or_F,0,0,0,44,False,False,0
rucaparib,kidney,1,1,few_M_or_F,0,0,0,44,False,False,0
rucaparib,large_intestine,8,5,gsea_empty,0,0,0,44,True,False,0
rucaparib,liver,3,0,few_M_or_F,0,0,0,44,False,False,0
rucaparib,lung,13,6,gsea_empty,0,0,0,44,True,False,0
rucaparib,ovary,0,13,few_M_or_F,0,0,0,44,False,False,0
rucaparib,pancreas,1,0,few_M_or_F,0,0,0,44,False,False,0
rucaparib,prostate,4,0,few_M_or_F,0,0,0,44,False,False,0
rucaparib,skin,3,4,few_M_or_F,0,0,0,44,False,False,0
rucaparib,soft_tissue,1,1,few_M_or_F,0,0,0,44,False,False,0
rucaparib,stomach,1,2,few_M_or_F,0,0,0,44,False,False,0
rucaparib,upper_aerodigestive_tract,1,0,few_M_or_F,0,0,0,44,False,False,0
rucaparib,urinary_tract,0,2,few_M_or_F,0,0,0,44,False,False,0
selumetinib,bone,1,3,few_M_or_F,0,0,0,44,False,False,0
selumetinib,breast,0,10,few_M_or_F,0,0,0,44,False,False,0
selumetinib,central_nervous_system,3,0,few_M_or_F,0,0,0,44,False,False,0
selumetinib,cervix,0,1,few_M_or_F,0,0,0,44,False,False,0
selumetinib,endometrium,0,7,few_M_or_F,0,0,0,44,False,False,0
selumetinib,haematopoietic_and_lymphoid_tissue,10,5,gsea_empty,0,0,0,44,True,False,0
selumetinib,kidney,1,1,few_M_or_F,0,0,0,44,False,False,0
selumetinib,large_intestine,8,5,gene_set_too_small,0,0,38,6,True,False,0
selumetinib,liver,4,0,few_M_or_F,0,0,0,44,False,False,0
selumetinib,lung,14,9,gsea_empty,0,0,0,44,True,False,0
selumetinib,ovary,0,13,few_M_or_F,0,0,0,44,False,False,0
selumetinib,pancreas,1,0,few_M_or_F,0,0,0,44,False,False,0
selumetinib,placenta,0,1,few_M_or_F,0,0,0,44,False,False,0
selumetinib,prostate,4,0,few_M_or_F,0,0,0,44,False,False,0
selumetinib,skin,3,5,few_M_or_F,0,0,0,44,False,False,0
selumetinib,soft_tissue,1,1,few_M_or_F,0,0,0,44,False,False,0
selumetinib,stomach,1,2,few_M_or_F,0,0,0,44,False,False,0
selumetinib,upper_aerodigestive_tract,1,0,few_M_or_F,0,0,0,44,False,False,0
selumetinib,urinary_tract,0,2,few_M_or_F,0,0,0,44,False,False,0
serdemetan,autonomic_ganglia,0,1,few_M_or_F,0,0,0,44,False,False,0
serdemetan,bone,1,1,few_M_or_F,0,0,0,44,False,False,0
serdemetan,breast,0,8,few_M_or_F,0,0,0,44,False,False,0
serdemetan,central_nervous_system,1,0,few_M_or_F,0,0,0,44,False,False,0
serdemetan,cervix,0,1,few_M_or_F,0,0,0,44,False,False,0
serdemetan,endometrium,0,6,few_M_or_F,0,0,0,44,False,False,0
serdemetan,haematopoietic_and_lymphoid_tissue,6,1,few_M_or_F,0,0,0,44,False,False,0
serdemetan,kidney,0,1,few_M_or_F,0,0,0,44,False,False,0
serdemetan,large_intestine,8,4,few_M_or_F,0,0,0,44,False,False,0
serdemetan,liver,3,0,few_M_or_F,0,0,0,44,False,False,0
serdemetan,lung,11,4,few_M_or_F,0,0,0,44,False,False,0
serdemetan,ovary,0,7,few_M_or_F,0,0,0,44,False,False,0
serdemetan,pancreas,1,0,few_M_or_F,0,0,0,44,False,False,0
serdemetan,prostate,3,0,few_M_or_F,0,0,0,44,False,False,0
serdemetan,skin,3,3,few_M_or_F,0,0,0,44,False,False,0
serdemetan,soft_tissue,0,1,few_M_or_F,0,0,0,44,False,False,0
serdemetan,stomach,0,1,few_M_or_F,0,0,0,44,False,False,0
serdemetan,urinary_tract,0,2,few_M_or_F,0,0,0,44,False,False,0
simvastatin,bone,1,3,few_M_or_F,0,0,0,44,False,False,0
simvastatin,breast,0,5,few_M_or_F,0,0,0,44,False,False,0
simvastatin,central_nervous_system,3,0,few_M_or_F,0,0,0,44,False,False,0
simvastatin,cervix,0,1,few_M_or_F,0,0,0,44,False,False,0
simvastatin,endometrium,0,7,few_M_or_F,0,0,0,44,False,False,0
simvastatin,haematopoietic_and_lymphoid_tissue,5,1,few_M_or_F,0,0,0,44,False,False,0
simvastatin,kidney,1,1,few_M_or_F,0,0,0,44,False,False,0
simvastatin,large_intestine,8,5,gsea_empty,0,0,0,44,True,False,0
simvastatin,liver,4,0,few_M_or_F,0,0,0,44,False,False,0
simvastatin,lung,13,6,gsea_empty,0,0,0,44,True,False,0
simvastatin,ovary,0,13,few_M_or_F,0,0,0,44,False,False,0
simvastatin,pancreas,1,0,few_M_or_F,0,0,0,44,False,False,0
simvastatin,prostate,4,0,few_M_or_F,0,0,0,44,False,False,0
simvastatin,skin,3,4,few_M_or_F,0,0,0,44,False,False,0
simvastatin,soft_tissue,1,1,few_M_or_F,0,0,0,44,False,False,0
simvastatin,stomach,1,2,few_M_or_F,0,0,0,44,False,False,0
simvastatin,upper_aerodigestive_tract,1,0,few_M_or_F,0,0,0,44,False,False,0
simvastatin,urinary_tract,0,2,few_M_or_F,0,0,0,44,False,False,0
temozolomide,bone,1,3,few_M_or_F,0,0,0,44,False,False,0
temozolomide,breast,0,7,few_M_or_F,0,0,0,44,False,False,0
temozolomide,central_nervous_system,3,0,few_M_or_F,0,0,0,44,False,False,0
temozolomide,cervix,0,1,few_M_or_F,0,0,0,44,False,False,0
temozolomide,endometrium,0,7,few_M_or_F,0,0,0,44,False,False,0
temozolomide,haematopoietic_and_lymphoid_tissue,6,1,few_M_or_F,0,0,0,44,False,False,0
temozolomide,kidney,1,1,few_M_or_F,0,0,0,44,False,False,0
temozolomide,large_intestine,8,5,gsea_empty,0,0,0,44,True,False,0
temozolomide,liver,4,0,few_M_or_F,0,0,0,44,False,False,0
temozolomide,lung,13,6,gsea_empty,0,0,0,44,True,False,0
temozolomide,ovary,0,13,few_M_or_F,0,0,0,44,False,False,0
temozolomide,pancreas,1,0,few_M_or_F,0,0,0,44,False,False,0
temozolomide,prostate,4,0,few_M_or_F,0,0,0,44,False,False,0
temozolomide,skin,3,4,few_M_or_F,0,0,0,44,False,False,0
temozolomide,soft_tissue,1,1,few_M_or_F,0,0,0,44,False,False,0
temozolomide,stomach,1,2,few_M_or_F,0,0,0,44,False,False,0
temozolomide,upper_aerodigestive_tract,1,0,few_M_or_F,0,0,0,44,False,False,0
temozolomide,urinary_tract,0,2,few_M_or_F,0,0,0,44,False,False,0
thalidomide,bone,1,2,few_M_or_F,0,0,0,44,False,False,0
thalidomide,breast,0,5,few_M_or_F,0,0,0,44,False,False,0
thalidomide,central_nervous_system,1,0,few_M_or_F,0,0,0,44,False,False,0
thalidomide,cervix,0,1,few_M_or_F,0,0,0,44,False,False,0
thalidomide,endometrium,0,6,few_M_or_F,0,0,0,44,False,False,0
thalidomide,haematopoietic_and_lymphoid_tissue,6,1,few_M_or_F,0,0,0,44,False,False,0
thalidomide,kidney,0,1,few_M_or_F,0,0,0,44,False,False,0
thalidomide,large_intestine,8,4,few_M_or_F,0,0,0,44,False,False,0
thalidomide,liver,3,0,few_M_or_F,0,0,0,44,False,False,0
thalidomide,lung,11,7,gsea_empty,0,0,0,44,True,False,0
thalidomide,ovary,0,7,few_M_or_F,0,0,0,44,False,False,0
thalidomide,pancreas,1,0,few_M_or_F,0,0,0,44,False,False,0
thalidomide,prostate,3,0,few_M_or_F,0,0,0,44,False,False,0
thalidomide,skin,3,3,few_M_or_F,0,0,0,44,False,False,0
thalidomide,soft_tissue,0,1,few_M_or_F,0,0,0,44,False,False,0
thalidomide,stomach,0,1,few_M_or_F,0,0,0,44,False,False,0
thalidomide,urinary_tract,0,2,few_M_or_F,0,0,0,44,False,False,0
thioridazine,bone,1,3,few_M_or_F,0,0,0,44,False,False,0
thioridazine,breast,0,7,few_M_or_F,0,0,0,44,False,False,0
thioridazine,central_nervous_system,3,0,few_M_or_F,0,0,0,44,False,False,0
thioridazine,cervix,0,1,few_M_or_F,0,0,0,44,False,False,0
thioridazine,endometrium,0,7,few_M_or_F,0,0,0,44,False,False,0
thioridazine,haematopoietic_and_lymphoid_tissue,6,1,few_M_or_F,0,0,0,44,False,False,0
thioridazine,kidney,1,1,few_M_or_F,0,0,0,44,False,False,0
thioridazine,large_intestine,8,5,gsea_empty,0,0,0,44,True,False,0
thioridazine,liver,4,0,few_M_or_F,0,0,0,44,False,False,0
thioridazine,lung,13,6,gsea_empty,0,0,0,44,True,False,0
thioridazine,ovary,0,13,few_M_or_F,0,0,0,44,False,False,0
thioridazine,pancreas,1,0,few_M_or_F,0,0,0,44,False,False,0
thioridazine,prostate,4,0,few_M_or_F,0,0,0,44,False,False,0
thioridazine,skin,3,4,few_M_or_F,0,0,0,44,False,False,0
thioridazine,soft_tissue,1,1,few_M_or_F,0,0,0,44,False,False,0
thioridazine,stomach,1,2,few_M_or_F,0,0,0,44,False,False,0
thioridazine,upper_aerodigestive_tract,1,0,few_M_or_F,0,0,0,44,False,False,0
thioridazine,urinary_tract,0,2,few_M_or_F,0,0,0,44,False,False,0
tozasertib,bone,1,3,few_M_or_F,0,0,0,44,False,False,0
tozasertib,breast,0,10,few_M_or_F,0,0,0,44,False,False,0
tozasertib,central_nervous_system,3,0,few_M_or_F,0,0,0,44,False,False,0
tozasertib,cervix,0,1,few_M_or_F,0,0,0,44,False,False,0
tozasertib,endometrium,0,7,few_M_or_F,0,0,0,44,False,False,0
tozasertib,haematopoietic_and_lymphoid_tissue,10,5,gsea_empty,0,0,0,44,True,False,0
tozasertib,kidney,1,1,few_M_or_F,0,0,0,44,False,False,0
tozasertib,large_intestine,8,5,gsea_empty,0,0,0,44,True,False,0
tozasertib,liver,3,0,few_M_or_F,0,0,0,44,False,False,0
tozasertib,lung,14,9,gsea_empty,0,0,0,44,True,False,0
tozasertib,ovary,0,13,few_M_or_F,0,0,0,44,False,False,0
tozasertib,pancreas,1,0,few_M_or_F,0,0,0,44,False,False,0
tozasertib,placenta,0,1,few_M_or_F,0,0,0,44,False,False,0
tozasertib,prostate,4,0,few_M_or_F,0,0,0,44,False,False,0
tozasertib,skin,3,5,few_M_or_F,0,0,0,44,False,False,0
tozasertib,soft_tissue,1,1,few_M_or_F,0,0,0,44,False,False,0
tozasertib,stomach,1,2,few_M_or_F,0,0,0,44,False,False,0
tozasertib,upper_aerodigestive_tract,1,0,few_M_or_F,0,0,0,44,False,False,0
tozasertib,urinary_tract,0,2,few_M_or_F,0,0,0,44,False,False,0
trifluoperazine,bone,1,3,few_M_or_F,0,0,0,44,False,False,0
trifluoperazine,breast,0,5,few_M_or_F,0,0,0,44,False,False,0
trifluoperazine,central_nervous_system,3,0,few_M_or_F,0,0,0,44,False,False,0
trifluoperazine,cervix,0,1,few_M_or_F,0,0,0,44,False,False,0
trifluoperazine,endometrium,0,7,few_M_or_F,0,0,0,44,False,False,0
trifluoperazine,haematopoietic_and_lymphoid_tissue,5,1,few_M_or_F,0,0,0,44,False,False,0
trifluoperazine,kidney,1,0,few_M_or_F,0,0,0,44,False,False,0
trifluoperazine,large_intestine,8,5,gsea_empty,0,0,0,44,True,False,0
trifluoperazine,liver,4,0,few_M_or_F,0,0,0,44,False,False,0
trifluoperazine,lung,13,6,gsea_empty,0,0,0,44,True,False,0
trifluoperazine,ovary,0,13,few_M_or_F,0,0,0,44,False,False,0
trifluoperazine,pancreas,1,0,few_M_or_F,0,0,0,44,False,False,0
trifluoperazine,prostate,4,0,few_M_or_F,0,0,0,44,False,False,0
trifluoperazine,skin,3,4,few_M_or_F,0,0,0,44,False,False,0
trifluoperazine,soft_tissue,1,1,few_M_or_F,0,0,0,44,False,False,0
trifluoperazine,stomach,1,2,few_M_or_F,0,0,0,44,False,False,0
trifluoperazine,upper_aerodigestive_tract,1,0,few_M_or_F,0,0,0,44,False,False,0
trifluoperazine,urinary_tract,0,2,few_M_or_F,0,0,0,44,False,False,0
troglitazone,bone,1,3,few_M_or_F,0,0,0,44,False,False,0
troglitazone,breast,0,7,few_M_or_F,0,0,0,44,False,False,0
troglitazone,central_nervous_system,3,0,few_M_or_F,0,0,0,44,False,False,0
troglitazone,cervix,0,1,few_M_or_F,0,0,0,44,False,False,0
troglitazone,endometrium,0,7,few_M_or_F,0,0,0,44,False,False,0
troglitazone,haematopoietic_and_lymphoid_tissue,6,2,few_M_or_F,0,0,0,44,False,False,0
troglitazone,kidney,1,1,few_M_or_F,0,0,0,44,False,False,0
troglitazone,large_intestine,8,5,gsea_empty,0,0,0,44,True,False,0
troglitazone,liver,4,0,few_M_or_F,0,0,0,44,False,False,0
troglitazone,lung,14,9,gsea_empty,0,0,0,44,True,False,0
troglitazone,ovary,0,13,few_M_or_F,0,0,0,44,False,False,0
troglitazone,pancreas,1,0,few_M_or_F,0,0,0,44,False,False,0
troglitazone,prostate,4,0,few_M_or_F,0,0,0,44,False,False,0
troglitazone,skin,3,4,few_M_or_F,0,0,0,44,False,False,0
troglitazone,soft_tissue,1,1,few_M_or_F,0,0,0,44,False,False,0
troglitazone,stomach,1,2,few_M_or_F,0,0,0,44,False,False,0
troglitazone,upper_aerodigestive_tract,1,0,few_M_or_F,0,0,0,44,False,False,0
troglitazone,urinary_tract,0,2,few_M_or_F,0,0,0,44,False,False,0
vemurafenib,bone,1,3,few_M_or_F,0,0,0,44,False,False,0
vemurafenib,breast,0,10,few_M_or_F,0,0,0,44,False,False,0
vemurafenib,central_nervous_system,3,0,few_M_or_F,0,0,0,44,False,False,0
vemurafenib,cervix,0,1,few_M_or_F,0,0,0,44,False,False,0
vemurafenib,endometrium,0,7,few_M_or_F,0,0,0,44,False,False,0
vemurafenib,haematopoietic_and_lymphoid_tissue,6,1,few_M_or_F,0,0,0,44,False,False,0
vemurafenib,kidney,1,1,few_M_or_F,0,0,0,44,False,False,0
vemurafenib,large_intestine,8,5,gsea_empty,0,0,0,44,True,False,0
vemurafenib,liver,3,0,few_M_or_F,0,0,0,44,False,False,0
vemurafenib,lung,12,6,gsea_empty,0,0,0,44,True,False,0
vemurafenib,ovary,0,13,few_M_or_F,0,0,0,44,False,False,0
vemurafenib,pancreas,1,0,few_M_or_F,0,0,0,44,False,False,0
vemurafenib,prostate,4,0,few_M_or_F,0,0,0,44,False,False,0
vemurafenib,skin,3,4,few_M_or_F,0,0,0,44,False,False,0
vemurafenib,soft_tissue,1,1,few_M_or_F,0,0,0,44,False,False,0
vemurafenib,stomach,1,2,few_M_or_F,0,0,0,44,False,False,0
vemurafenib,upper_aerodigestive_tract,1,0,few_M_or_F,0,0,0,44,False,False,0
vemurafenib,urinary_tract,0,2,few_M_or_F,0,0,0,44,False,False,0
vorinostat,autonomic_ganglia,0,1,few_M_or_F,0,0,0,44,False,False,0
vorinostat,bone,1,3,few_M_or_F,0,0,0,44,False,False,0
vorinostat,breast,0,8,few_M_or_F,0,0,0,44,False,False,0
vorinostat,central_nervous_system,3,1,few_M_or_F,0,0,0,44,False,False,0
vorinostat,cervix,0,1,few_M_or_F,0,0,0,44,False,False,0
vorinostat,endometrium,0,7,few_M_or_F,0,0,0,44,False,False,0
vorinostat,haematopoietic_and_lymphoid_tissue,11,5,gene_set_too_small,0,0,18,26,True,False,0
vorinostat,kidney,1,1,few_M_or_F,0,0,0,44,False,False,0
vorinostat,large_intestine,8,5,gene_set_too_small,0,0,40,4,True,False,0
vorinostat,liver,4,0,few_M_or_F,0,0,0,44,False,False,0
vorinostat,lung,13,7,gene_set_too_small,0,0,24,20,True,False,0
vorinostat,ovary,0,13,few_M_or_F,0,0,0,44,False,False,0
vorinostat,pancreas,1,0,few_M_or_F,0,0,0,44,False,False,0
vorinostat,placenta,0,1,few_M_or_F,0,0,0,44,False,False,0
vorinostat,prostate,5,0,few_M_or_F,0,0,0,44,False,False,0
vorinostat,skin,3,5,few_M_or_F,0,0,0,44,False,False,0
vorinostat,soft_tissue,1,1,few_M_or_F,0,0,0,44,False,False,0
vorinostat,stomach,1,2,few_M_or_F,0,0,0,44,False,False,0
vorinostat,upper_aerodigestive_tract,1,0,few_M_or_F,0,0,0,44,False,False,0
vorinostat,urinary_tract,0,2,few_M_or_F,0,0,0,44,False,False,0
