drug,lineage,tissue,is_home_tissue,n_M,n_F,NES,FDR,sex_lean,category,skip_reason
bortezomib,haematopoietic_and_lymphoid_tissue,Cells_EBV.transformed_lymphocytes,True,10,5,-1.776717444012444,0.013383297644539615,male,A,
bortezomib,haematopoietic_and_lymphoid_tissue,Brain_Caudate_basal_ganglia,False,10,5,-2.534957625636228,0.0,male,B,
bortezomib,haematopoietic_and_lymphoid_tissue,Brain_Hypothalamus,False,10,5,-2.7234713073085635,0.0,male,B,
bortezomib,haematopoietic_and_lymphoid_tissue,Brain_Nucleus_accumbens_basal_ganglia,False,10,5,-2.320536795276933,0.0,male,B,
bortezomib,haematopoietic_and_lymphoid_tissue,Brain_Putamen_basal_ganglia,False,10,5,-2.4031256979695743,0.0,male,B,
bortezomib,haematopoietic_and_lymphoid_tissue,Brain_Spinal_cord_cervical_c.1,False,10,5,-2.7294249271166544,0.0,male,B,
bortezomib,haematopoietic_and_lymphoid_tissue,Brain_Substantia_nigra,False,10,5,-2.418557089764473,0.0,male,B,
bortezomib,haematopoietic_and_lymphoid_tissue,Cells_Cultured_fibroblasts,False,10,5,-2.8053846708242225,0.0,male,B,
bortezomib,haematopoietic_and_lymphoid_tissue,Esophagus_Mucosa,False,10,5,-2.5113898792257134,0.0,male,B,
bortezomib,haematopoietic_and_lymphoid_tissue,Minor_Salivary_Gland,False,10,5,-2.3691292355154747,0.0,male,B,
bortezomib,haematopoietic_and_lymphoid_tissue,Small_Intestine_Terminal_Ileum,False,10,5,-2.937769758063117,0.0,male,B,
emetine,lung,Brain_Spinal_cord_cervical_c.1,False,13,6,-2.520406708667838,0.0,male,B,
YM-155,lung,Brain_Caudate_basal_ganglia,False,10,6,-2.5272486145210165,0.0,male,B,
YM-155,lung,Brain_Hypothalamus,False,10,6,-2.5036821340338165,0.0,male,B,
bortezomib,haematopoietic_and_lymphoid_tissue,Colon_Transverse,False,10,5,-2.2837611734706913,0.00019466614755693986,male,B,
bortezomib,haematopoietic_and_lymphoid_tissue,Brain_Cortex,False,10,5,-2.1315641894392585,0.0023197715917201997,male,B,
bortezomib,haematopoietic_and_lymphoid_tissue,Brain_Hippocampus,False,10,5,-2.002502256600563,0.0035688793718772305,male,B,
bortezomib,haematopoietic_and_lymphoid_tissue,Artery_Coronary,False,10,5,-2.014474931966389,0.0036708473539308656,male,B,
bortezomib,haematopoietic_and_lymphoid_tissue,Breast_Mammary_Tissue,False,10,5,-1.956847264104765,0.003904773900995088,male,B,
emetine,lung,Brain_Caudate_basal_ganglia,False,13,6,-2.248890284395785,0.003915641959194889,male,B,
bortezomib,haematopoietic_and_lymphoid_tissue,Lung,False,10,5,-2.015958449361671,0.003953220227310163,male,B,
YM-155,lung,Brain_Spinal_cord_cervical_c.1,False,10,6,-2.2920482044262998,0.004008417677121956,male,B,
bortezomib,haematopoietic_and_lymphoid_tissue,Brain_Amygdala,False,10,5,-1.968534765163582,0.004014989293361884,male,B,
bortezomib,haematopoietic_and_lymphoid_tissue,Skin_Not_Sun_Exposed_Suprapubic,False,10,5,-1.938199703053604,0.004163692600523436,male,B,
YM-155,lung,Brain_Substantia_nigra,False,10,6,-2.3155851221109076,0.004676487289975616,male,B,
mitoxantrone,haematopoietic_and_lymphoid_tissue,Pituitary,False,7,5,2.6346393557275922,0.004749250862215186,female,B,
emetine,lung,Brain_Substantia_nigra,False,13,6,-2.09858155524529,0.006265027134711823,male,B,
emetine,lung,Brain_Nucleus_accumbens_basal_ganglia,False,13,6,-2.1231047145926403,0.006526069931991483,male,B,
bortezomib,haematopoietic_and_lymphoid_tissue,Brain_Anterior_cingulate_cortex_BA24,False,10,5,-1.8608917044936173,0.007889101769412826,male,B,
emetine,lung,Brain_Putamen_basal_ganglia,False,13,6,-2.0637837242331853,0.008204202200217862,male,B,
emetine,lung,Artery_Coronary,False,13,6,-2.1269461069340663,0.008701426575988644,male,B,
emetine,lung,Brain_Anterior_cingulate_cortex_BA24,False,13,6,-2.067414884884058,0.008701426575988644,male,B,
YM-155,lung,Cells_Cultured_fibroblasts,False,10,6,-2.1769306189522704,0.008818518889668303,male,B,
YM-155,lung,Brain_Anterior_cingulate_cortex_BA24,False,10,6,-2.123552582950737,0.009018939773524401,male,B,
YM-155,lung,Brain_Nucleus_accumbens_basal_ganglia,False,10,6,-2.0988584187003223,0.009162097547707328,male,B,
NVP-BEZ235,lung,Artery_Coronary,False,14,9,2.0746519647622788,0.010195412064570943,female,B,
emetine,large_intestine,Brain_Nucleus_accumbens_basal_ganglia,False,8,5,-2.1173814109798768,0.012124255685486763,male,B,
emetine,large_intestine,Brain_Spinal_cord_cervical_c.1,False,8,5,-2.2128902215294364,0.012590573211851641,male,B,
YM-155,lung,Cells_EBV.transformed_lymphocytes,False,10,6,-2.033839795355652,0.012776831345826233,male,B,
bortezomib,haematopoietic_and_lymphoid_tissue,Adipose_Visceral_Omentum,False,10,5,-1.7568981263637506,0.013406572944790987,male,B,
bortezomib,haematopoietic_and_lymphoid_tissue,Heart_Atrial_Appendage,False,10,5,-1.769395666233254,0.013459773631079842,male,B,
bortezomib,haematopoietic_and_lymphoid_tissue,Brain_Frontal_Cortex_BA9,False,10,5,-1.7496148298404686,0.013472519628836546,male,B,
bortezomib,haematopoietic_and_lymphoid_tissue,Colon_Sigmoid,False,10,5,-1.7600046430943501,0.013821296476542731,male,B,
emetine,large_intestine,Cells_Cultured_fibroblasts,False,8,5,-2.2399988553553,0.013989525790946268,male,B,
emetine,lung,Spleen,False,13,6,-1.9605552722127226,0.017294085319777427,male,B,
bortezomib,haematopoietic_and_lymphoid_tissue,Skin_Sun_Exposed_Lower_leg,False,10,5,-1.688550970701265,0.019014989293361883,male,B,
YM-155,lung,Brain_Amygdala,False,10,6,-1.9515869966631878,0.01937401877275612,male,B,
YM-155,lung,Brain_Putamen_basal_ganglia,False,10,6,-1.90621627090393,0.01970805357918295,male,B,
YM-155,lung,Brain_Hippocampus,False,10,6,-1.9189865237896286,0.019859887582104236,male,B,
YM-155,lung,Adipose_Visceral_Omentum,False,10,6,-1.8880057355031399,0.020196258296268317,male,B,
YM-155,lung,Brain_Cortex,False,10,6,-1.9272285964675309,0.02104419280489027,male,B,
emetine,lung,Brain_Frontal_Cortex_BA9,False,13,6,-1.9046322385236556,0.02378389930770229,male,B,
emetine,large_intestine,Brain_Cortex,False,8,5,-1.937366485403359,0.024381744949934923,male,B,
emetine,large_intestine,Brain_Cerebellar_Hemisphere,False,8,5,-1.9060234351749838,0.025880622713250593,male,B,
emetine,large_intestine,Brain_Substantia_nigra,False,8,5,-1.987743451697887,0.026300308486978983,male,B,
emetine,lung,Brain_Amygdala,False,13,6,-1.8757096020066886,0.026887408119804907,male,B,
emetine,large_intestine,Brain_Cerebellum,False,8,5,-1.9528252842796863,0.027512734055527656,male,B,
bortezomib,large_intestine,Brain_Cortex,False,8,5,-1.739471131245389,0.027842227378190254,male,B,
emetine,large_intestine,Brain_Hypothalamus,False,8,5,-2.004181035453062,0.02867852787143985,male,B,
emetine,lung,Thyroid,False,13,6,-1.8265632192959809,0.029802386022761102,male,B,
emetine,large_intestine,Brain_Caudate_basal_ganglia,False,8,5,-1.8070181162706007,0.030310639213716906,male,B,
emetine,lung,Artery_Tibial,False,13,6,-1.8288147959936298,0.03179975894134031,male,B,
bortezomib,haematopoietic_and_lymphoid_tissue,Pancreas,False,10,5,-1.5980799291469112,0.03187283808268819,male,B,
emetine,lung,Adipose_Visceral_Omentum,False,13,6,-1.7901123393981584,0.03244389051904337,male,B,
emetine,large_intestine,Brain_Anterior_cingulate_cortex_BA24,False,8,5,-1.8091625427423552,0.033066151869509355,male,B,
emetine,lung,Pituitary,False,13,6,-1.7940483107286216,0.03413636579810929,male,B,
bortezomib,haematopoietic_and_lymphoid_tissue,Kidney_Cortex,False,10,5,-1.571795621984853,0.035847410579744624,male,B,
emetine,large_intestine,Brain_Frontal_Cortex_BA9,False,8,5,-1.8105414983530168,0.036092976540641364,male,B,
emetine,large_intestine,Thyroid,False,8,5,-1.752791356831393,0.037172168530228644,male,B,
emetine,large_intestine,Brain_Hippocampus,False,8,5,-1.7627755415299389,0.03723366095128776,male,B,
emetine,large_intestine,Brain_Putamen_basal_ganglia,False,8,5,-1.8205287837479651,0.03792715881100988,male,B,
YM-155,lung,Colon_Sigmoid,False,10,6,-1.7705728954208837,0.03807996793265858,male,B,
emetine,lung,Brain_Cortex,False,13,6,-1.75369557967712,0.03828627693435003,male,B,
YM-155,lung,Small_Intestine_Terminal_Ileum,False,10,6,-1.7534986236253578,0.03968333500350737,male,B,
bortezomib,haematopoietic_and_lymphoid_tissue,Adipose_Subcutaneous,False,10,5,1.972903459487554,0.04006057268722467,female,B,
bortezomib,large_intestine,Breast_Mammary_Tissue,False,8,5,-1.781211970174297,0.040371229698375866,male,B,
YM-155,lung,Brain_Frontal_Cortex_BA9,False,10,6,-1.7182084396984816,0.04471890971039182,male,B,
bortezomib,haematopoietic_and_lymphoid_tissue,Thyroid,False,10,5,-1.5199702269338822,0.04665035178953809,male,B,
emetine,lung,Adipose_Subcutaneous,False,13,6,-1.709948291502729,0.04715085525863846,male,B,
emetine,lung,Cells_Cultured_fibroblasts,False,13,6,-1.7013438521132953,0.047294812683608856,male,B,
